{
  "0-100 km/h":5.8,
  "0-100 mph":13.3,
  "0-200 km/h":20.4,
  "0-60 mph":5.6,
  "100-0 km/h":35.8,
  "100-200 km/h":14.6,
  "60-0 mph":108.8,
  "60-100 mph":7.7,
  "BoundingBox":[
    [
      -0.63,
      -1.95,
      -0.118
    ],
    [
      1.33,
      2.3,
      0.983
    ]
  ],
  "Braking G":1.1,
  "Config Type":"Factory",
  "Configuration":"320S_(.200)",
  "Description":"A street tuned Civetta Bolide by SkrunkWorks",
  "Drag Times":{
    "time_1000":11.23780244,
    "time_1_4":13.40095448,
    "time_1_8":8.698417335,
    "time_330":5.727084195,
    "time_60":2.173357198,
    "velAt_1_4":46.89329772,
    "velAt_1_8":38.01544988
  },
  "Drivetrain":"RWD",
  "Fuel Type":"Gasoline",
  "Induction Type":"NA",
  "Off-Road Score":25,
  "Population":780,
  "Power":263,
  "PowerPeakRPM":"6550 - 7250",
  "Propulsion":"ICE",
  "Top Speed":72.67600488,
  "Torque":320,
  "TorquePeakRPM":"3450 - 4950",
  "Transmission":"Manual",
  "Value":180000,
  "Weight":1345,
  "Weight/Power":5.114068441,
  "defaultPaintName1":"Arancione"
}