{
  "0-100 km/h":5.4,
  "0-100 mph":11.6,
  "0-120 mph":13.6,
  "0-200 km/h":18.8,
  "0-60 mph":5.2,
  "100-0 km/h":31.7,
  "100-200 km/h":13.3,
  "60-0 mph":98.5,
  "60-100 mph":6.4,
  "60-120 mph":9,
  "BoundingBox":[
    [
      -0.665,
      -1.95,
      -0.207
    ],
    [
      1.305,
      2.73,
      1.17
    ]
  ],
  "Braking G":1.239,
  "Config Type":"Factory",
  "Configuration":"2400itx_(.200)",
  "Description":"An ETK I-Series street tune built by SkrunkWorks",
  "Drag Times":{
    "time_1000":11.15734869,
    "time_1_4":13.27773179,
    "time_1_8":8.650974194,
    "time_330":5.724632249,
    "time_60":2.164845224,
    "velAt_1_4":47.50687481,
    "velAt_1_8":38.02978245
  },
  "Drivetrain":"AWD",
  "Fuel Type":"Gasoline",
  "Induction Type":"Turbo",
  "Off-Road Score":25,
  "Population":5,
  "Power":330,
  "PowerPeakRPM":"5450 - 6000",
  "Propulsion":"ICE",
  "Top Speed":69.80985404,
  "Torque":440,
  "TorquePeakRPM":"4300 - 5350",
  "Transmission":"Manual",
  "Value":115000,
  "Weight":1495,
  "Weight/Power":4.53030303,
  "Years":{
    "max":1989,
    "min":1987
  },
  "defaultPaintName1":"Jet Black"
}