{
  "0-100 km/h":9.5,
  "0-100 mph":23.7,
  "0-120 mph":70.2,
  "0-60 mph":8.3,
  "100-0 km/h":34.4,
  "60-0 mph":104.3,
  "60-100 mph":15.3,
  "60-120 mph":62.6,
  "BoundingBox":[
    [
      -0.67,
      -1.85,
      -0.202
    ],
    [
      1.23,
      2.07,
      1.13
    ]
  ],
  "Braking G":1.144,
  "Config Type":"Factory",
  "Configuration":"i15s_(0.125)",
  "Description":"A street tuned 1.5zxi SE by SkrunkWorks.",
  "Drag Times":{
    "time_1000":13.21616953,
    "time_1_4":15.77554175,
    "time_1_8":10.19239007,
    "time_330":6.685179133,
    "time_60":2.4772106,
    "velAt_1_4":39.11019001,
    "velAt_1_8":31.77462573
  },
  "Drivetrain":"FWD",
  "Fuel Type":"Gasoline",
  "Induction Type":"NA",
  "Off-Road Score":27,
  "Population":750,
  "Power":127,
  "PowerPeakRPM":"6350 - 7100",
  "Propulsion":"ICE",
  "Top Speed":53.58338474,
  "Torque":150,
  "TorquePeakRPM":"4500 - 5850",
  "Transmission":"Manual",
  "Value":29750,
  "Weight":1040,
  "Weight/Power":8.188976378,
  "defaultPaintName1":"Pearl White"
}